Group,Method,E(R),Std(R),DD,Sharpe,Sortino,MDD,Calmar,%+Ret,AvgP/AvgL
commodity,Long,-0.5184,1.0000,0.6996,-0.5184,-0.7410,6.6565,-0.0779,0.4980,0.9252
commodity,Sign(R),-0.1386,1.0000,0.6716,-0.1386,-0.2064,3.0065,-0.0461,0.5051,0.9578
commodity,MACD,-0.7648,1.0000,0.6600,-0.7648,-1.1589,7.7572,-0.0986,0.4843,0.9371
commodity,DQN,-1.4107,1.0000,0.7475,-1.4107,-1.8872,12.5115,-0.1128,0.4551,0.9347
commodity,PG,-4.0430,1.0000,0.8893,-4.0430,-4.5464,34.5520,-0.1170,0.1933,1.1750
commodity,A2C,0.4817,1.0000,0.6036,0.4817,0.7980,2.2645,0.2127,0.5082,1.0479
equity_index,Long,0.4866,1.0000,0.8047,0.4866,0.6048,2.0822,0.2337,0.5444,0.9103
equity_index,Sign(R),-0.1166,1.0000,0.8079,-0.1166,-0.1443,3.7766,-0.0309,0.5129,0.9299
equity_index,MACD,-0.6902,1.0000,0.7807,-0.6902,-0.8841,7.6744,-0.0899,0.4875,0.9269
equity_index,DQN,-1.0167,1.0000,0.8879,-1.0167,-1.1452,10.8138,-0.0940,0.4051,0.9954
equity_index,PG,-4.8862,1.0000,0.8967,-4.8862,-5.4492,42.7017,-0.1144,0.1412,1.1020
equity_index,A2C,0.1783,1.0000,0.8596,0.1783,0.2075,2.2596,0.0789,0.4959,1.0543
fixed_income,Long,0.5035,1.0000,0.6611,0.5035,0.7616,1.9039,0.2644,0.5231,0.9899
fixed_income,Sign(R),-0.1528,1.0000,0.7106,-0.1528,-0.2150,4.1282,-0.0370,0.5136,0.9226
fixed_income,MACD,-0.8287,1.0000,0.6965,-0.8287,-1.1898,10.2306,-0.0810,0.4498,1.0567
fixed_income,DQN,-1.7287,1.0000,0.7460,-1.7287,-2.3174,15.0303,-0.1150,0.4323,0.9179
fixed_income,PG,-22.4398,1.0000,0.9001,-22.4398,-24.9307,195.8937,-0.1146,0.0609,0.2890
fixed_income,A2C,0.4664,1.0000,0.8330,0.4664,0.5600,2.5105,0.1858,0.4864,1.1668
fx,Long,-0.2553,1.0000,0.6484,-0.2553,-0.3938,3.9255,-0.0650,0.4989,0.9620
fx,Sign(R),-0.6610,1.0000,0.6986,-0.6610,-0.9462,7.0632,-0.0936,0.4783,0.9731
fx,MACD,-0.8025,1.0000,0.7251,-0.8025,-1.1067,7.8662,-0.1020,0.4706,0.9738
fx,DQN,-1.0128,1.0000,0.7161,-1.0128,-1.4143,9.8761,-0.1026,0.4690,0.9409
fx,PG,-6.1815,1.0000,0.8105,-6.1815,-7.6268,54.2783,-0.1139,0.1200,1.0125
fx,A2C,-0.2082,1.0000,0.7427,-0.2082,-0.2803,4.2704,-0.0487,0.4844,1.0222
All,Long,0.0972,1.0000,0.7317,0.0972,0.1328,3.0996,0.0314,0.5262,0.9150
All,Sign(R),-0.4290,1.0000,0.7473,-0.4290,-0.5741,4.5777,-0.0937,0.5095,0.8949
All,MACD,-1.2243,1.0000,0.7271,-1.2243,-1.6838,12.4659,-0.0982,0.4747,0.8941
All,DQN,-2.1645,1.0000,0.7964,-2.1645,-2.7178,19.2103,-0.1127,0.4262,0.9013
All,PG,-20.3607,1.0000,0.9071,-20.3607,-22.4468,178.5429,-0.1140,0.0516,0.3898
All,A2C,0.5011,1.0000,0.6083,0.5011,0.8238,2.2422,0.2235,0.5158,1.0196
